title,date,question,answer
[III类体外诊断试剂临床试验，与对照试剂配套使用的仪器平台是否必须是医院自有仪器？可否由申办方提供？](https://www.cfdi.org.cn/cfdi/index?module=A004&part=localfrm&tcode=STA026&id=1273507),2020/7/16,咨询内容：老师您好，我司有个III类的体外诊断试剂临床试验，需要和已上市的试剂盒做比对，所选的对照试剂需要在配套的仪器平台上完成检测，咨询：与对照试剂配套使用的仪器平台是否必须是医院自有的仪器平台？可否由申办方提供？,回复：试验机构应该具有所选对照试剂配套使用的仪器平台，试验人员也应该熟悉该仪器平台的使用；试验结束后，机构应保存相关原始数据，并保证原始数据可溯源。如果所选试验机构不具备试验条件，可以重新选择具备条件的医院开展临床试验。
[COVID-19疫情是否影响临床试验现场核查](https://www.cfdi.org.cn/cfdi/index?module=A004&part=localfrm&tcode=STA026&id=1273318),2020/5/11,"咨询内容：老师您好！
请问COVID-19疫情期间，临床试验现场核查任务是否会被影响，如核查任务积压或者延后？
另外请问申请人从什么渠道可以获知申报产品被列入核查名单？

谢谢！

张颖",回复：您好，目前，核查任务正常安排。列入核查名单的品种注册申请人会提前接到通知，也可通过网上咨询窗口进行咨询。
[临床试验数据自查报告是否需要提交？](https://www.cfdi.org.cn/cfdi/index?module=A004&part=localfrm&tcode=STA026&id=1273312),2020/5/8,"咨询内容：尊敬的审核查验中心老师：
根据贵中心2015.7.23发布的《关于药物临床试验数据自查有关事项的说明函》，自查报告表需要在核查前提交至药物临床试验数据自查报告填报系统。根据2020.4.23贵中心发布的《关于对注射用丹参多酚酸进行药物临床试验数据核查的通告》，要求提交临床试验申报资料，补充资料和承诺书。请问，后续进入临床试验现场检查计划的产品，是否还会开放自查报告填报系统，是否还需要在线提交自查报告？
非常感谢！
祝好！",回复：您好，对于2017年12月1日以后集中受理的品种，不再要求填报自查系统。
[关于现场检查及海外核查所需技术资料的咨询](https://www.cfdi.org.cn/cfdi/index?module=A004&part=localfrm&tcode=STA026&id=1272977),2020/3/25,"咨询内容：背景：2019年5月6日，药品审评中心发布《关于提交药品注册检查检验用申报资料光盘的通知》，要求注册申请人在提交新药上市申请和仿制药申请时、提交供现场检查、检验用资料，其中包括申请资料的光盘以及药品研制情况信息表、药品生产情况信息表、现场主文件、药品注册临床试验研究信息表和临床试验信息表等附件。
问题：1、在临床试验现场检查、GMP现场检查和进口药品海外核查时，是否需要完全结合上述附件进行检查/检验？2、如需要提供，时间点可否放在正式核发核查名单时提供，而不是在申请受理时提交？3、如需要提供，对于附件中的详细要求，是否可由申请人酌情简单化处理，而非完全按照附件的模板逐一填写？",回复：注册申请人提交的药品注册检查检验用申报资料光盘为现场检查中的核对依据，必须与注册申报资料一致。注册人应及时完整的提交资料以保证现场检查安排的顺畅、高效。
[药物临床试验资格认定复核检查申报流程问题](https://www.cfdi.org.cn/cfdi/index?module=A004&part=localfrm&tcode=STA026&id=1272967),2019/12/5,咨询内容：老师您好！根据GCP复核申请要求，需在资格认定证书有效期提前6个月进行复核申请，但目前“药物临床试验机构资格认定复核检查”系统已关闭，请问目前如何申请复核检查，盼复，谢谢！,回复：您好！自2019年12月1日起，药物临床试验机构认定改为备案，已不再受理药物临床试验机构资格认定复核检查受理申请。请到国家药监局官方网站，按相关要求进行备案即可。
[临床试验用药物](https://www.cfdi.org.cn/cfdi/index?module=A004&part=localfrm&tcode=STA026&id=1265775),2019/8/8,"咨询内容：老师，您好。有以下问题想向您请教：
1.《药品注册管理办法》中，对于用于临床试验的药物的制备，生产车间满足GMP条件即可。并不要求制备车间一定通过GMP认证。但是《化学药品新注册分类申报资料要求》（试行）：（2016年第80号 2016年5月4日发布）中规定，注册分类1、2、3类证明性文件：（1）申请人机构合法登记证明文件（营业执照等）、《药品生产许可证》及变更记录页、《药品生产质量管理规范》认证证书复印件，需要GMP证书复印件。请问按照那个标准执行？","回复：您好！根据《药品注册管理办法》，临床试验用药物应当在符合《药品生产质量管理规范》的车间制备。应按照《药品生产质量管理规范》的要求组织生产，临床试验用药物的特殊要求可参考2018年7月12日国家药品监督管理局发布的《临床试验用药物生产质量管理规范（征求意见稿）》。
药品注册申报资料的相关要求建议向药品注册管理有关部门咨询。"
[肿瘤药物临床试验中因疾病进展导致的死亡是否需要报告SAE](https://www.cfdi.org.cn/cfdi/index?module=A004&part=localfrm&tcode=STA026&id=1268452),2019/6/17,"咨询内容：老师您好！
    查验中心在中国新药杂志 2019 年第 28 卷第 8 期发表了文章“从药物临床试验数据核查看申办者的职责履行情 况” 。其中描述有“2.4.1  方案设计不符合法规要求  方案设计违反相关法规要求，如某抗肿瘤药物方案规定:试验期间出现因疾病进展而导致的死亡不属于SAE，无需报告。在现场核查中，发现该试验多例死亡SAE漏报”，根据文章内容是否可以理解为：抗肿瘤药物临床试验过程中发生的因疾病进展而导致的死亡也应属于SAE，需要报告？还是因疾病进展而导致的死亡不需要报告，但研究者需要明确死亡的原因确定为死亡进展，如果不能明确的应该报告SAE？
    谢谢！","回复：您好！
根据我国现行GCP对SAE的定义“临床试验过程中发生需住院治疗、延长住院时间、伤残、影响工作能力、危及生命或死亡、导致先天畸形等事件”，试验期间不管是何种原因导致的死亡都属于SAE，都需要报告。如果抗肿瘤药物临床试验方案中将死亡作为试验终点且获得监管部门的同意或默视同意，则可不作为SAE个例报告，但在试验报告中需对死亡事件进行分析。"
[医院未收到药物临床试验机构资格认定证书](https://www.cfdi.org.cn/cfdi/index?module=A004&part=localfrm&tcode=STA026&id=1262992),2019/5/16,咨询内容：老师您好：我院于2017年05月19日通过资格认定复核检查，证书编号：XF20170479内蒙古自治区药监局已收到药物临床试验机构资格认定批件，但我院一直未收到“药物临床试验机构资格认定证书”。请老师给予查询为盼!,回复：国家药监局行政受理和投诉举报中心负责证书寄送，请咨询该中心。
[咨询《药物临床试验机构资格认定检查细则（试行）》是否已发布](https://www.cfdi.org.cn/cfdi/index?module=A004&part=localfrm&tcode=STA026&id=1262979),2019/5/14,"咨询内容：您好，我是郑州中医骨伤病医院伦理委员会秘书。
总局审核查验中心2014年9月5日发出“关于征求《药物临床试验机构资格认定检查细则（试行）》意见和建议的通知”，请问现在细则是否已发布？
如已发布，请问发布的是《细则》还是《细则（试行）》？在哪里可以查询？能否提供查询链接？
如未发布，请问现在对药物临床试验机构资格认定检查的标准是什么？
我们想要申请成为药物临床试验机构，需要了解具体的认定检查标准，方便查漏补缺，谢谢。","回复：您好！
《药物临床试验机构资格认定检查细则（试行）》尚未实行。机构资格认定检查的标准为2004年国家局发布的《药物临床试验机构资格认定办法（试行）》，请到国家药监局网站查询。"
[临床试验样品](https://www.cfdi.org.cn/cfdi/index?module=A004&part=localfrm&tcode=STA026&id=1258984),2019/5/7,咨询内容：老师您好，我公司具备临床样品制备车间（中试生产车间），（1）QC没有微生物实验室，用于临床样品的无菌项、细菌内毒素检测项是否可以委托同一集团下其他公司进行检验，及分析方法学验证？（2）临床样品制备使用的库房可否借用同一集团下其他公司的库房（符合GMP要求）？,"回复：（1）每个批次的临床试验用药物均须检验，以保证符合既定的质量标准。如进行委托检验，应按照监管要求，符合《药品生产质量管理规范》中委托检验的要求。
（2）生产临床试验用药物的厂房和设施应符合《药品生产质量管理规范》的要求，并根据临床试验期间药物的特点，在贮存环节避免混淆和差错，确保临床试验用药物质量，保障受试者的安全。"
[药物临床试验机构资格认定](https://www.cfdi.org.cn/cfdi/index?module=A004&part=localfrm&tcode=STA026&id=1260785),2019/4/28,咨询内容：老师，您好。2级甲等公立医院，是否可以申请资格认定。如果可以是否按照国家药品监督管理局2018年10月 的药物临床试验机构资格认定服务指南（项目编码：30010）进行申请资料的准备,回复：您好！药物临床试验机构资格认定尚未设立医院等级的限制，请比照《药物临床试验机构资格认定办法（试行）》的相关要求进行自我评估，评估合格后可《药物临床试验机构资格认定服务指南》进行申报准备。
[咨询药物注册试验机构的申报资料相关问题](https://www.cfdi.org.cn/cfdi/index?module=A004&part=localfrm&tcode=STA026&id=1258958),2019/3/28,"咨询内容：请教两个问题：
1、医院是二甲医院，尚没有获得药物临床试验机构资格认定，是否可以开展1期临床试验？
2、二甲公立医院想申请药物临床试验机构资格认定，在申报的资料清单中，有一项是实施临床试验工作情况（近3年完成临床试验情况）；这项条款如何理解？因为没有资格认定，医院怎么可能提供得出近三年的临床试验完成情况？","回复：1.医院没有药物临床试验机构资格，不可以开展I期临床试验。
2.近3年完成临床试验情况，根据医院实际情况如实填写即可。如有疑问可拨打咨询电话详询。"
[关于大型医疗设备临床试验过程中设备装备地点的提问](https://www.cfdi.org.cn/cfdi/index?module=A004&part=localfrm&tcode=STA026&id=1258945),2019/3/21,咨询内容：我司目前有一大型医疗设备需要进入临床试验，但是研究中心可能没有充足的空间装备该器械，是否可在其他医院安置该设备，并请研究中心研究者和受试者前往其他医院完成研究治疗？如果可以，对安置装配该大型设备的医院是否有具体要求？如果网上回答不便，是否有具体的咨询渠道可以得到该问题的确认回答？谢谢！,回复：建议咨询国家局医疗器械司注册二处，针对这种情况，器械司研究监督处有具体的要求。
[如何在网上申报“临床药物实验基地”](https://www.cfdi.org.cn/cfdi/index?module=A004&part=localfrm&tcode=STA026&id=1258932),2019/3/16,咨询内容：我科室要申报“临床药物实验基地”，但是，在国家局网站没有发现网上申报窗口。,回复：您好，可登陆国家局网站http://www.nmpa.gov.cn/WS04/CL2042/#，进入首页“网上办事”窗口，在“网上申请”中选择“药物临床试验机构资格认定申请”，进入“药物临床试验机构资格认定电子申请”界面，在“登陆”“注册”下方有《药物临床试验机构资格认定服务指南》和《系统用户手册》可下载，按照指南和手册操作即可，如有疑问可拨打指南中的咨询电话。
[原料药生产临床制剂样品是否需要增加生产许可证的范围](https://www.cfdi.org.cn/cfdi/index?module=A004&part=localfrm&tcode=STA026&id=1178897),2019/3/1,"咨询内容：老师，您好！
   我公司需要进行新品种的BE临床试验，现在根据国家局审批的批件进行制剂临床试验样品生产，我们公司对现有厂房进行局部改造原料药车间，咨询一下，我们改造后的原料药车间是否需要在生产许可证增加生产范围，并需要生产BE临床试验样品制剂所用的原料药车间是否需要进行认证？",回复：您好，请咨询药品注册管理部门。
[医疗器械临床试验开展对于主要研究者的要求](https://www.cfdi.org.cn/cfdi/index?module=A004&part=localfrm&tcode=STA026&id=1253169),2019/2/25,咨询内容：老师，您好，请问医疗器械临床试验开展除了机构备案，专业科室备案以外，承接项目的主研研究者也必须备案吗，如专业科室的大主任备案了，其他研究者，没有备案，其他研究者可以做主要研究者吗,回复：您好，根据《医疗器械临床试验机构条件和备案管理办法》第三章第八条（三）规定，凡拟开展临床试验的主要研究者均需要备案。
[3类仿制药需要做BE还是大临床](https://www.cfdi.org.cn/cfdi/index?module=A004&part=localfrm&tcode=STA026&id=1220993),2018/12/13,咨询内容：美金刚口崩片国外上市了，国内没上市。但普通片国内外都上市了。那么美金刚口崩片按3类申报是做be还是临床,回复：您好，您所咨询的问题属于药品注册申报相关范畴，建议您向药审中心咨询。
[医院某科室目前未获得临床试验资质，可否申请临床试验备案？](https://www.cfdi.org.cn/cfdi/index?module=A004&part=localfrm&tcode=STA026&id=1189527),2018/12/12,咨询内容：您好！我是某外资CRO的项目经理，目前有一个三期研究将在国内开展。国内某医院的科室主任对研究很感兴趣，但是该科室此前未获得临床试验资格认定，想问问可否为这个科室申请临床试验备案？如果可以，申请流程是怎样的？希望尽快得到答复，谢谢！,回复：您好！药物临床试验机构备案须等相关法规正式出台才能实行，目前尚不能为其备案！
[怎样保住临床试验批件](https://www.cfdi.org.cn/cfdi/index?module=A004&part=localfrm&tcode=STA026&id=1176774),2018/8/17,"咨询内容：问题背景：临床批件批准日期为2015年9月21日。依据2013年第28号公告，3年内未完成首次提交公示的，批件自行废止。我单位预计在近期取得伦理批件，并提交登记表信息。
请问：取得伦理批件后临床试验批件就不废止还是必须经药审中心认可登记信息后进行公示完成，才算批件不废止。","回复：你好：
   原国家食药监总局28号公告规定，自公告发布之日起，新获得临床试验批件的，申请人需在获得批件后1个月内完成预登记，获得登记号，并在第一例受试者入组前完成后续信息登记、首次提交公示。获得批件1年内未完成首次提交公示的，申请人需提交说明；3年内未完成首次提交公示的，批件自行废止。临床试验登记与信息平台由药审中心代为管理和维护，具体操作问题建议您向药审中心咨询。"
[伦理委员会备案](https://www.cfdi.org.cn/cfdi/index?module=A004&part=localfrm&tcode=STA026&id=1176777),2018/8/16,咨询内容：您好，我是医院伦理委员会工作人员，根据法规要求要在食药总局备案，咱们中心在2014年发布过相关文件（药认（2014）18号文件），但是相关的电话和邮箱都已经关闭。现在我该去哪里备案，具体准备哪些材料。谢谢！,回复：具体请电话咨询010-68441583。
[临床批件有效问题](https://www.cfdi.org.cn/cfdi/index?module=A004&part=localfrm&tcode=STA026&id=1178821),2018/8/16,"咨询内容：查验中心老师：
    您好！
    我们工作中遇到申办方提供的临床批件获批日期是2008年7月29日。申办方提供的相关信息如下：
     1. 2008年获得CFDA批件，后期未更新过CFDA批件。
     2. 2011年批件三年有效期前，通过EC，获得1期EC批件，但因为各种原因未开展起来。
     3. 2015年通过EC，获得1期，2期EC批件，开展1期，但因1期执行不规范，CSR未盖章，未向CFDA申报。
     我们想咨询两个问题：
     1. 该批件是否还有效，可以依据批件开展相关临床试验？
     2. 批件备注“本项临床试验应当在批准之日起3年内实施。逾期未实施的，本批件自行废止”。如何认定临床试验实施，是通过伦理，还是召开了临床启动会，还是在临床登记平台登记，还是第一例病人入组？或是其它？
     谢谢。盼复！","回复：你好：
        《药品注册管理办法》第四十条规定药物临床试验应当在批件后3年内实施。逾期未实施的，原批准证明文件自行废止。法规中未明确时限起点。关于法条解释建议向国家食品药品监督管理局药化注册司咨询。"
[伦理委员会备案及递交年度伦理审查报告事宜](https://www.cfdi.org.cn/cfdi/index?module=A004&part=localfrm&tcode=STA026&id=1169637),2018/7/30,咨询内容：根据审核查验中心药认（2014）17号文《关于提交伦理委员会年度工作报告的通知》、药认（2014）18号文《关于报送伦理委员会备案资料的通知》要求，需要报送伦理委员会年度工作报告、备案资料，但按照该文件中沈玉红电话及邮箱都已无法联系，请问现在如何报送伦理委员会备案资料和年度工作报告？,"回复：请咨询010-68441583.或者登陆公共邮箱eccfdi@163.com,密码ec123456查看相关要求。"
[机构复核通过的药物临床试验机构资格认定证书遗失，是否有补发流程？](https://www.cfdi.org.cn/cfdi/index?module=A004&part=localfrm&tcode=STA026&id=1173777),2018/7/24,咨询内容：您好！想咨询一下相关部门负责人，医院已通过国家复核获得药物临床试验机构资格认定证书，但由于快递寄送失误，快递送至院办期间未告知GCP办公室。经查询到已是1年前的快递，原件有遗失的可能性。国家是否有扫描电子版证书可以从网上下载？若确认证书遗失，是否有相关的补发流程？谢谢解答。,回复：请咨询总局行政受理服务大厅，电话010-88331866。
[关于接受境外临床试验数据指导原则中的临床试验的核查](https://www.cfdi.org.cn/cfdi/index?module=A004&part=localfrm&tcode=STA026&id=1173772),2018/7/23,咨询内容：老师，您好！在接受境外临床试验数据的指导原则（52号文）中提到“境外临床试验数据真实可靠，符合 ICH GCP和药品注册检查要求”请问对境外的R床必须进行GCPz查还是进行某些境外临床试验的抽查？如果进行检查，流程是什么？周期大概是多久？谢谢老师。,"回复：你好：
    对于集中受理后品种的临床试验数据核查工作依审评需求开展。国家局正就注册现场核查事宜制定相关核查管理规定。相关核查程序、时限以国家局发布的核查管理规定要求为准，请注意关注国家局网站"
[仿制药一致性评价是否需要进行临床试验数据自查报告填报](https://www.cfdi.org.cn/cfdi/index?module=A004&part=localfrm&tcode=STA026&id=1169652),2018/7/23,咨询内容：老师，您好！想咨询一下仿制药一致性评价289目录的品种在完成人体生物等效性研究注册申报时，是否也需要进行临床试验数据自查报告填报呢？如果需要填报，是在什么阶段填报呢？谢谢！,"回复：你好：
    需根据您的品种受理情况和总局公告情况而定。根据总局134号公告关于调整药品注册受理工作的公告，在2017年12月1日之后受理的品种依审评需求开展临床试验数据核查，不再列入2015年7月以来国家局开展的药物临床试验数据自查核查范围。如在2017年12月1日之前受理、国家局已公告需要开展药物临床试验数据自查核查的品种，需按照要求填报自查报告。国家局公布需自查核查品种清单后，核查中心会相应开放药物临床试验数据核查自查报告填报系统，便于申请人上传。你可登录核查中心网站，在“网上办事”----“在线填报”----“临床试验数据自查报告填报”中按要求填报。"
[临床现场核查相关问题](https://www.cfdi.org.cn/cfdi/index?module=A004&part=localfrm&tcode=STA026&id=1173782),2018/7/23,咨询内容：对于国际多中心研究，如果研究失败提前终止，不提交上市注册申请，是否还会对临床基地进行核查？,"回复：你好：
    根据117号公告要求，数据核查的品种为已向国家局提出药品注册申请并待审的品种。对于国际多中心研究失败提前中止的临床试验也应该按照中国GCP的要求规范开展，并按照GCP要求向相关方如伦理委员会等提交试验提前终止的报告并做好受试者的后续工作，确保受试者权益。省级药品监督管理部门在日常监管过程中有权对该类临床试验进行抽查检查。"
[GCP境外核查](https://www.cfdi.org.cn/cfdi/index?module=A004&part=localfrm&tcode=STA026&id=1169646),2018/7/23,咨询内容：您好！想请问目前CFDA是否会对境外的site进行GCP核查？如果是，流程是否与境内核查一致（如通告周期）？,"回复：你好：
    根据总局134号公告关于调整药品注册受理工作的公告要求，集中受理后品种的临床试验数据核查依审评技术需求开展。总局正在制定相关注册核查管理规定，将明确核查流程、要求、时限等内容。后续请注意关注国家局网站发布的相关规定。"
[资讯“生产注册申请的药物临床试验数据自查报告表”的填写](https://www.cfdi.org.cn/cfdi/index?module=A004&part=localfrm&tcode=STA026&id=1162433),2018/6/4,咨询内容：CFDI老师您好，请问在自查报告填写“临床分期”，对于采集了PK血（第二目标，为更好的了解研究药物的药代动力学特征）的三期研究，是否也需同时勾选分期为“人体药代动力学”，并填写“人体药代动力学PK含人体BE部分”的信息？谢谢！,回复：您好，自查系统中人体药代动力学指的是I期的PK试验，暂时不包括III期试验中的PK部分。
[临床经验机构有权终止本院的临床试验么？](https://www.cfdi.org.cn/cfdi/index?module=A004&part=localfrm&tcode=STA026&id=741603),2018/3/15,咨询内容：你好，我想问一下，总局有明确的条例指出临床试验机构是否有权利终止或暂停某试验在本院的临床试验,回复：您好！《药物临床试验质量管理规范》第十三条列明“伦理委员会的意见可以是：……(四)终止或暂停已批准的试验。”以及第三十一条列明“研究者中止一项临床试验必须通知受试者、申办者、伦理委员会和药品监督管理部门，并阐明理由。”
[药物临床试验机构资格认定](https://www.cfdi.org.cn/cfdi/index?module=A004&part=localfrm&tcode=STA026&id=736811),2018/3/1,咨询内容：我院申请的药物临床试验机构资格认定，受理日期为2017-08-30，受理编号GCP20170122X，一直未有现场检查，请问以后还有药物临床试验机构资格认定现场检查吗？还是要等备案制的出台。,回复：你好，资格认定现场检查工作仍在进行，具体检查计划请关注核查中心网站
[《药物临床试验机构资格认定检查细则》（试行）](https://www.cfdi.org.cn/cfdi/index?module=A004&part=localfrm&tcode=STA026&id=632782),2017/9/18,咨询内容：您好，我想请问国家局是否有出过《药物临床试验机构资格认定检查细则》（试行）这份内容呢？看网上都说是国家局2014.9.5发出的，可是在官网上并未看到呢？麻烦请一定要回答，这份资料对我们很重要，谢谢您,回复：根据现行法规，首次药物临床试验机构资格认定申请和增加专业申请的检查标准参见《药物临床试验机构资格认定办法》附件2《药物临床试验机构资格认定标准》；复核检查参见《总局关于发布药物临床试验机构资格认定复核检查标准的公告》中所发布的3个标准和2个附录。
[学术研究用药品的外包装材料是否可以按照CRO要求增加“此药品供某项目研究专用”信息？](https://www.cfdi.org.cn/cfdi/index?module=A004&part=localfrm&tcode=STA026&id=205399),2017/8/24,"咨询内容：各位检查员老师：好！
我公司某已经上市产品参加一项临床学术评价研究，因该项目学术研究为免费提供临床用药，为避免药品在患者中非预期使用或流通，按照CRO要求，需在原外包装上增加“此药品供某项目研究专用”印刷内容，请问这种做法可以吗？还有什么需要特别关注的要求或者法规指导吗？
望回复为盼！",回复：请咨询研究核查处。
[关于临床试验用药物生产条件咨询](https://www.cfdi.org.cn/cfdi/index?module=A004&part=localfrm&tcode=STA026&id=205394),2017/8/24,"咨询内容：尊敬的老师您好！

我厂已建有口服固体制剂车间，并于2015年12月获得胶囊剂生产线新版GMP证书，现有片剂、颗粒剂、干混悬剂等生产线尚无产品获得生产批件，暂未申请新版GMP认证，但其生产线的设计建设、设备安装调试和日常管理均按新版GMP要求进行。目前片剂品种于今年年初获得临床试验批件，拟开展临床试验，临床前研究的中试放大生产和工艺验证均按GMP要求组织开展，申报样品也由省食品药品监督管理局在生产现场核查中抽样并送省食品药品监督检验研究院检验合格。

请问片剂生产线生产条件是否符合临床试验用药标准？",回复：抱歉，该问题不在中心职责范围内。
[关于香港医院临床试验资质认证](https://www.cfdi.org.cn/cfdi/index?module=A004&part=localfrm&tcode=STA026&id=240747),2017/7/23,咨询内容：老师，您好，请问当时对香港医院进行临床试验资质认证时，是否有到香港医院（如玛丽医院）进行现场核查？还是跟香港卫生署相关部门合作，远程完成资质认证，并没有进行现场核查？,回复：请转研究核查处回答
[关于BE试验备案问题](https://www.cfdi.org.cn/cfdi/index?module=A004&part=localfrm&tcode=STA026&id=240758),2017/7/23,"咨询内容：老师：
    您好！
    我公司正在开展一项BE临床试验，目前已在药审中心备案获得备案号，在等待30日后已启动BE试验（首先进行了预试验），在正式开始试验前，拟将参比制剂换成另一批次（原批次用量不足以支持后续试验，故重新申购了一批），且试验进行了小的微调，并获得了补充伦理批件，是否需要再次进行BE备案？若需要备案，是否需要再等待30日才能开展试验？在后续临床核查中是否存在风险？",回复：请转研究核查处回答
[关于GCP安全监测信息系统填报网址的疑惑](https://www.cfdi.org.cn/cfdi/index?module=A004&part=localfrm&tcode=STA026&id=226195),2017/4/10,咨询内容：老师，您好！2011年CFDA药品认证管理中心发文药认[201123号：要求进入局药品认证管理中心网站（www.ccd.org.cn）点击药物GLP/GCP安全监测，进入后填写，最近要填写信息时，发现之前收藏的网址不能顺利进入了，请问目前如何登陆该系统？ 是否还要求继续填写信息？期盼您的回复！谢谢,回复：您好，我中心已更名为审核查验中心，中心网站域名也已更名为www.cfdi.org.cn 请您重新登录网站查询您需要的信息。
[生物样本分析的保存时间](https://www.cfdi.org.cn/cfdi/index?module=A004&part=localfrm&tcode=STA026&id=240230),2017/3/31,"咨询内容：您好，BE实验所用的生物样本（血样），是否有相关的法规、指南，规定保存时间？
核查时对该样本保存时限的要求或者一般推荐是多久？
谢谢。
徐-施维雅制药",回复：目前还没有要求，但申办者也要考虑到需要复测的可能性，所以应该保存一段合理的时间，最好在核查时能看到样本。
[GCP修订稿 44条，生物等效性实验样品留样](https://www.cfdi.org.cn/cfdi/index?module=A004&part=localfrm&tcode=STA026&id=216485),2017/3/13,"咨询内容：老师，您好， 关于CFDA于12.2日发布的GCP修订稿中第44条的适用范围不是很清楚，向您请教：
 第四十四条--试验用药品的供给和管理：
   生物等效性试验及人体生物利用度试验的试验用药品应留样，研究者随机抽取用于临床试验的药物和留存样品，留存样品与试验所用药品应为同一批次。留存样品数量应满足进行 五次按质量标准全检的要求。

问题一： 此条款，对于生物制品Biosimilar的临床实验： 
1）I期临床，PK对比，适用么？ 
2）III期临床对比，适用么？

问题二：  对于一些国内已批准上市的，价格较贵的参比制剂，可否酌情批准减少留样数量？

望老师拨冗回复，谢谢！",回复：你好，请咨询GCP管理部门。
[化药旧注册分类3.1类怎么变更新注册分类4类](https://www.cfdi.org.cn/cfdi/index?module=A004&part=localfrm&tcode=STA026&id=219492),2017/1/3,咨询内容：耽误您一点时间，我是一个菜鸟，想请教大神们一个问题，我们是化药旧注册分类3.1类的口服固体制剂，批件在新注册分类法规实施前获批的，目前还没有开展大临床试验，但是最近台湾有一家药企已经完成原研进口的Ⅱ期、Ⅲ期临床试验，我们这个品种不想再开展大临床试验了，我们是从新申报4类再做BE还是直接做BE.接下来的资料按几类报，中间怎么进行转接？谢谢,回复：您好：核查中心研究核查处的职责是负责组织开展药物临床试验数据核查工作，关于药品注册方面的问题，建议您咨询总局药化注册司或者药品审评中心。
[自查报告开放时间及自查报告附件提交问题](https://www.cfdi.org.cn/cfdi/index?module=A004&part=localfrm&tcode=STA026&id=205478),2017/1/3,"咨询内容：问题1：自查报告填写系统何时开放？是核查公告发布后1周内，开放系统让申办方填写？还是递交NDA资料后有了受理号就可以开始在系统上填写？
问题2：关于撤回的项目，去年已经提交过自查报告，并且自查报告附件的受试者身份信息也提供过；此次计划再次递交申请，是否要重新收集受试者身份信息并递交？

盼回复。非常感谢！","回复：您好：
问题1：自查填报系统是根据总局需自查核查注册申请清单的公告而相应开放。目前总局共公告了四批需自查核查注册申请清单，核查中心在总局公告后均及时开放了相应的自查报告填写系统，并在核查中心的网站上就系统开放进行了及时告知。
问题2：根据您的描述，您的品种应属于117号公告品种。该自查填报系统根据总局要求已于2016年8月25日关闭。对于已撤回又重新递交的这类申请的政策性问题建议咨询总局药化注册司。"
[申请人是否申请临床核查？](https://www.cfdi.org.cn/cfdi/index?module=A004&part=localfrm&tcode=STA026&id=205398),2016/11/7,咨询内容：老师，您好！我们的产品已于去年7月提交上市申请，临床自查等已完成，现想申请贵中心开展临床核查，请问我们如何申请？谢谢您！,回复：你好。核查中心核查的品种范围是总局公告需自查核查的注册申请，公告内注册申请按要求开展自查并填报自查情况（详见中心网站网上填报要求）。核查中心按照药审中心提供的顺序清单制定计划、网上公示并开展现场核查。
[临床试验数据自查报告填报系统注册](https://www.cfdi.org.cn/cfdi/index?module=A004&part=localfrm&tcode=STA026&id=204177),2016/10/28,咨询内容：临床试验数据自查报告填报系统 注册后生成的《注册账号申请表》所需材料第6点要求提供授权委托书（请务必使用本中心委托书模板》，未找到中心委托书模板。,回复：你好：你可直接和技术支持人员联系解决该问题，联系电话010-87559072；办公时间：周一至周五上午9：00-16：30
[药物临床试验机构复核检查时间](https://www.cfdi.org.cn/cfdi/index?module=A004&part=localfrm&tcode=STA026&id=81942),2016/5/3,咨询内容：您好，想请教一下现在药物临床试验机构复核检查还正常进行吗？我院（南昌市第一医院）药物临床试验机构资格认定证书是2016年5月2日到期，早在6个月前已经提交复核申请，我院药物临床试验机构复核的受理通知是2015年11月6日收到的。想询问一下我们机构大致的复核时间是什么时候呢？谢谢！,回复：你好，请咨询我中心研究核查处。
[有关GCP机构复核检查的问题](https://www.cfdi.org.cn/cfdi/index?module=A004&part=localfrm&tcode=STA026&id=7963),2015/10/16,咨询内容：您好！我是汕大医学院附属肿瘤医院GCP机构办公室的秘书，我们机构证书已经过期2月余，但仍未接到复核检查的通知，网站上也未能查到检查时间，想要咨询下检查时间。另外因为我院GCP机构主任因家中急事需在10月25至11月23日期间回美国处理，不在国内，能否请求复核检查的时间避开这段时间，谢谢！,回复：国家总局将统一安排复核检查工作，请等待；在检查安排中我们会考虑您院具体情况，尽量避开此时段。具体安排届时会有具体经办人按程序提前5天和您联系。
[关于临床试验自查报告表附件中的申办者质量管理体系](https://www.cfdi.org.cn/cfdi/index?module=A004&part=localfrm&tcode=STA026&id=6382),2015/8/17,咨询内容：老师，您好：请问自查报告表附件中的申办者管理体系都包括哪些，是与临床试验相关的质量管理体系吗？谢谢！,回复：是药物临床试验的质量管理体系，不是药品生产质量管理体系，哪些就看你们自己公司的实际情况。
[临床自查报告](https://www.cfdi.org.cn/cfdi/index?module=A004&part=localfrm&tcode=STA026&id=6374),2015/8/17,"咨询内容：老师：你好！
　　贵局７月２２日发布了《关于开展药物临床试验数据自查核查工作的公告》，请问自查报告的具体要求有哪些？
　　　　　　　　　　　　　　　谢谢",回复：请仔细阅读我们中心网站近来发布一系列相关的函和通告。
[人体样品测定实验室](https://www.cfdi.org.cn/cfdi/index?module=A004&part=localfrm&tcode=STA026&id=6265),2015/8/10,"咨询内容：老师，您好！
    请问是允许技术服务公司开展人体药代动力学试验样品测定？如果可以，生物样品测定实验室需要向哪些部门备案吗？",回复：允许，不需要备案。
[GCP资格认定复核检查受理问题](https://www.cfdi.org.cn/cfdi/index?module=A004&part=localfrm&tcode=STA026&id=5232),2015/3/25,"咨询内容：老师：
     您好！我们医院2015年1月初已收到“GCP资格认定复核受理通知书，已取到受理号（GCP20140077XF），但在网上查不到已受理的情况。请问是不是收到受理通知书就代表已经受理，还是一定要在网上查到受理号才算受理？","回复：您好！
你们的资料已到我中心，请做好复核检查准备。"
[gcp证书](https://www.cfdi.org.cn/cfdi/index?module=A004&part=localfrm&tcode=STA026&id=5127),2015/3/23,咨询内容：gcp培训如何报名,回复：核查中心不负责GCP培训工作，建议咨询总局高级研修院，了解当年培训计划安排和报名事宜。
[中山大学肿瘤防治中心颁发的GCP培训证书国家食品药品监督管理局是否认可](https://www.cfdi.org.cn/cfdi/index?module=A004&part=localfrm&tcode=STA026&id=4528),2015/1/5,"咨询内容：请问：
中山大学肿瘤防治中心“药物临床试验机构”于2014年3月28 -- 30日举办“药物临床试验法规、技术和实战操作”GCP培训班（第11期），所颁发的GCP培训证书国家食品药品监督管理局是否认可？多谢！",回复：GCP的培训形式可根据医院各自的情况采取不同形式，其核心是研究者应掌握国家相关法规要求和GCP原则，保证药物临床试验的规范性。
[关于GCP质量管理员专业的要求的问题](https://www.cfdi.org.cn/cfdi/index?module=A004&part=localfrm&tcode=STA026&id=4944),2015/1/5,咨询内容：GCP征求意见稿里面规定质量管理员具有医药学等相关专业本科以上学历，生物科学专业可以担任质量管理员吗？,回复：可以。
[关于《药物临床试验机构资格认定检查细则（试行）》的问题](https://www.cfdi.org.cn/cfdi/index?module=A004&part=localfrm&tcode=STA026&id=5036),2014/12/26,咨询内容：老师您好，因为我们准备申请药物临床试验机构资格，现在准备申请材料，想咨询您一下，关于GCP培训的问题，每个要申请资格的临床专业具体要求有几位医务人员接受高级研究学院的GCP的网络培训班呢？药物临床试验技术和GCP相关法规的培训都包括在网络课程里吗？还是药物临床试验技术要从别的途径单独培训？真的谢谢您，帮助我们解决急需的问题！,回复：您好！我单位是检查机构，不负责培训，关于高级研修学院GCP网络培训的内容建议您询问高级研修学院。关于申请资格的专业研究人员的培训问题，请仔细查看《药物临床试验资格认定办法》中所附的《药物临床试验机构资格认定标准》（附件2）及我中心网站公布的《药物临床试验机构资格认定检查细则（试行）》（http://192.168.2.2/ccdweb/main?fid=open&fun=show_news&from=view&nid=6342），内有详细的要求。
[网上培训获得的GCP证书SFDA是否认可？](https://www.cfdi.org.cn/cfdi/index?module=A004&part=localfrm&tcode=STA026&id=4453),2014/5/19,咨询内容：您好，请问通过由昆泰跨国公司（Quintiles Transnational Corporation）与国家食品药品监督管理局药品认证管理中心 （CCD-SFDA）联合提供的全球GCP（Good Clinical Practices）网络培训获得的GCP证书，国家局是否认可？谢谢,回复：您好！这个肯定是认可的。其实培训的主要目的是获得GCP知识和药物临床试验技术，至于培训的方式不是最重要的，关键还是学以致用并通过国家局检查组的现场考核。
[药物临床机构的GCP认证分期（临床Ⅰ期，Ⅱ期Ⅲ期或Ⅳ期）吗？](https://www.cfdi.org.cn/cfdi/index?module=A004&part=localfrm&tcode=STA026&id=4542),2014/5/19,"咨询内容：老师您好，我们公司准备做一个精神病药物的生物等效性试验,联系了几家医院，部分医院没有一期资质，不能进行，也有的医院说只要有临床试验资质（GCP认证）且有Ⅰ期病房，就可以进行生物等效性试验。我想确认一下，咱们国家GCP认证，分期（临床Ⅰ期，Ⅱ期Ⅲ期或Ⅳ期）吗？",回复：您好！目前我国药物临床试验机构资格认定是按机构和专业进行认定的，尚未分期认定，也未给任何机构颁发过I期临床试验研究室的资格证书。
[临床药品生产企业的资质](https://www.cfdi.org.cn/cfdi/index?module=A004&part=localfrm&tcode=STA026&id=4677),2014/5/16,"咨询内容：根据GCP要求，临床药品必须在GMP环境下组织生产。因此GCP QA在伦理审核过程中希望企业提供符合要求的书面证明方能同意药品进入临床。对于新药来说，无法提供GMP证书，故有时提供药品生产企业许可证。但有时，临床药品在药品研究机构组织生产的，完全按GMP要求进行的，但企业无药品生产企业许可证和GMP证书，是否可由企业出具书面证明，还是必须要取得药品生产企业许可证。

谢谢！",回复：临床试验用药品在药品研究机构组织生产且完全按GMP要求进行的，可申请由省局组织现场核查后出具符合GMP条件的证明即可。
[咨询GCP相关规定](https://www.cfdi.org.cn/cfdi/index?module=A004&part=localfrm&tcode=STA026&id=4441),2014/2/18,咨询内容：你好！请问一下临床试验中的电子数据采集（EDC）技术指导原则》和《临床试验中的计算机系统验证技术指导原则》什么时候可以发布？,回复：您好！有关药物临床试验的技术指导原则事宜清询问药品审评中心。
[关于一次性疫苗临床试验机构资格认定管理规定](https://www.cfdi.org.cn/cfdi/index?module=A004&part=localfrm&tcode=STA026&id=4191),2014/1/2,"咨询内容：认证中心老师：
   您好！
   有一个问题想咨询一下：关于新出的《一次性疫苗临床试验机构资格认定管理规定》法规，我们企业打算在原先的临床试验（2010年开展）的基础上做一个免疫持久性研究，将之前接种的人群召回抽血，进行一项免疫持久性研究。请问临床基地是否同样需要申请一次性疫苗临床试验机构资格认定？谢谢！",回复：如果负责机构和所有的试验现场均为具有有效药物临床试验机构资格认定证书（包括机构和专业），则可不申请一次性疫苗临床试验机构资格认定。
[药物临床试验核查](https://www.cfdi.org.cn/cfdi/index?module=A004&part=localfrm&tcode=STA026&id=4020),2013/12/2,咨询内容：临床核查时抽取 的病例数比例是多少,回复：一般是25份以下全部检查，超过时适当增加抽查比例。
[GCP证书丢了怎么办](https://www.cfdi.org.cn/cfdi/index?module=A004&part=localfrm&tcode=STA026&id=4019),2013/11/26,"咨询内容：您好！
    我的GCP证书拿到单位与科里同事一同保存，但由于工作人员的疏忽已找不着证书原件，请问如何处理为好？可以补证书吗？请您百忙中尽快回复，谢谢！","回复：1、咨询原培训单位一下，看能否补办；
2、GCP培训不能仅培训一次就万事大吉，需要不断培训。"
[GCP认证培训](https://www.cfdi.org.cn/cfdi/index?module=A004&part=localfrm&tcode=STA026&id=3944),2013/11/4,咨询内容：我院将进行首次GCP认证，参与认证人员是否只能参加GCP的专项培训班？谢谢！,回复：是的，参加资格认证所有人员要经过GCP培训。
[新增儿童适用人群需要做多少对临床试验](https://www.cfdi.org.cn/cfdi/index?module=A004&part=localfrm&tcode=STA026&id=3670),2013/9/24,咨询内容：一个化药品种，已经在国内和国外批准上市，但是国内还没有适用于儿童人群和适用于儿童的最小规格，想增加儿童人群和增加规格，如果申报这个品总是按六类申报吗？需要做多少对临床试验？,回复：此问题请咨询药品审评中心。
[经过GCP认证是否能承接生物等效性试验](https://www.cfdi.org.cn/cfdi/index?module=A004&part=localfrm&tcode=STA026&id=3477),2013/9/4,咨询内容：专家您好！我医院经过了GCP认证，但没有一期认证，请问是否能够承接生物等效性试验呢？,回复：我中心负责GCP现场检查，有关政策性问题请咨询国家食品药品监督管理总局药品化妆品注册管理司。
[关于GCP认证的问题](https://www.cfdi.org.cn/cfdi/index?module=A004&part=localfrm&tcode=STA026&id=3458),2013/8/7,咨询内容：老师，您好！想问一下郑州大学第一附属医院的药物临床试验机构资格什么时候下来，谢谢！,回复：资料已提交到国家药监总局药品化妆品注册管理司研究监督处，您可向他们咨询，谢谢！
[如何进行GCP网上培训？](https://www.cfdi.org.cn/cfdi/index?module=A004&part=localfrm&tcode=STA026&id=3309),2013/6/13,咨询内容：在网页的首页有GCP网上培训的链接？我如何才能获得网上培训的资格，费用怎么交？,回复：您好！我们这个GCP培训是面向GCP知识较丰富，参加过较多药物临床试验的研究者和省药监局监管人员，主要内容是ICH-GCP培训，全英文，是免费的，但名额有限。如果您觉得符合条件，需要你们机构推荐，提交个人信息表格，审核通过后可以参加。如果您是初学者，建议去咨询国家食品药品监督管理总局高级研修学院，他们那儿有各种GCP培训，但需要收取一定费用。
[药物临床试验机构资格复核系统解锁](https://www.cfdi.org.cn/cfdi/index?module=A004&part=localfrm&tcode=STA026&id=3112),2013/6/7,咨询内容：您好！我院有专业到期需要进行认证复核，登录“复核检查系统”提示需要申请解除数据锁定，方可开始填报，但页面上的联系电话座机为空号，麻烦告知可联系的部门及电话，谢谢！,回复：复核检查专项任务支持电话：18701589909。详情请登录http://fuhe.chinagcp.org。
[关于药物临床研究机构](https://www.cfdi.org.cn/cfdi/index?module=A004&part=localfrm&tcode=STA026&id=2272),2009/12/7,"咨询内容：老师，您好！
我公司有一治疗急性喉炎的中药新药拟开展3期临床研究，打算请山东中医药大学附属医院参加，该院的耳鼻喉专业GCP认证待审批，请问何时能得到批复？据该院药理基地负责人介绍，专业认证的检查已通过，如果认证暂未公告，能否开展临床研究？感谢！急盼回复！",回复：国家食品药品监督管理局没有公告的专业，不能进行临床试验。具体请向国家局相关部门咨询。
[临床试验机构问题](https://www.cfdi.org.cn/cfdi/index?module=A004&part=localfrm&tcode=STA026&id=2275),2009/12/7,"咨询内容：我们是重庆市中西医结合医院国家临床试验机构，认定专业有皮肤、肿瘤、神经内科。由于我院同重庆市中医院于2008年10月整合，目前中医院进行了整体搬迁，已正式营业，医院分为两地，原中西医结合医院留在原址。科室进行了整合，原认证地点为重庆市中西医结合医院所在地。由于工作需要，有如下问题进行咨询，我们需怎样操作或提交什么资料，敬请回复为盼！谢谢。
1、现临床试验能否在中医院进行？因为肿瘤科已整合，在两地均设有病区。医护人员统一管理。
2、如我们要在中医院申请中医专业，中医院是否还需要机构认证？
3、重庆市中西医结合医院国家临床试验机构是否需按执业许可证的名称更名为重庆市中医院？

　　　　　　　　致
礼！
 				

　　　　　　　　赵瑞亭
　　　　　　　　zrtof@21cn.com
　　　　　　　　　　2009-11-26",回复：请咨询国家食品药品监督管理局药品注册司研究监督处。
[有关一期临床试验资格的提问](https://www.cfdi.org.cn/cfdi/index?module=A004&part=localfrm&tcode=STA026&id=2245),2009/10/27,咨询内容：老师您好！请问从哪里可以查询到国内哪些机构有做一期临床试验的资格，因为这里的数据库查询只能查到哪些机构通过GCP认证可进行2，3，4期大临床试验。是否通过GCP的认证的都可以进行一期临床试验呢！谢谢！,回复：国家局没有公告I期临床试验室资格的名单，可咨询国家食品药品监督管理局药品注册司研究监督处，电话：010－88331023。
[药品拆零管理](https://www.cfdi.org.cn/cfdi/index?module=A004&part=localfrm&tcode=STA026&id=2199),2009/9/9,咨询内容：医疗机构购买大包装药品（例如复方维生B溶液、鱼石脂软膏）在制剂室分装成一定规格的制剂供临床使用，制剂外包装标注分装单位、有效期（根据药品原包装标示的有效期），分装后不检验直接在临床使用。因为涉及药品分装（一个生产过程并且可能带来污染），该行为如何界定？该行为是否属于药品拆零行为还是涉及制剂配制管理范畴？急盼！谢谢！,"回复：临床试验用药物,由申办者准备,临床试验药物的制备，应当符合《药品生产质量管理规范》。"
[关于老机构和专业复查咨询](https://www.cfdi.org.cn/cfdi/index?module=A004&part=localfrm&tcode=STA026&id=2005),2009/7/3,"咨询内容：我是浙江大学医学院附属邵逸夫医院,本药物临床试验机构,2008年申请新专业同时申请对2005年国家食品药品监督管理局审批的浙江大学医学院附属邵逸夫医院药物临床试验机构和6个专业进行复查.国家食品药品监督管理局与2009年3月6日已下发受理通知书(受理号:GCP20090006X),现国家局发文6月份之前有效期到的机构和专业必须提出复查申请,我们这份受理通知书可以吗?是否还要重新申请对老专业复查报告.谢谢您在百忙中给予回复.","回复：有效期到的机构和专业必须提出复查申请,按国家局通知办."
[关于临床试验机构认证](https://www.cfdi.org.cn/cfdi/index?module=A004&part=localfrm&tcode=STA026&id=2108),2009/7/3,"咨询内容：在SFDA网站的临床试验机构认定公告中的20个公告时间为从2005年2月3日发布的第一号公告至2009年3月第20号公告，这些名单表示被认证、承认的临床试验机构，那么原来SFDA在2004年公布的基地名单，与这20个公告不完全重复，那些老基地是否还被承认具备药物临床试验的资格？如果不承认，重新认证会以多长的时间表计划完成？那些老的基地绝大部分都是著名的大医院，应该不会有医院不想继续认证的。

还有就是原来的医院分科和如今的分科有变化时，该如何处理？比如原来肿瘤科获得认证，如今分成几个专门的肿瘤部门，比如消化、呼吸肿瘤等，原来的肿瘤认证是否仍可以包括这些细分的科室？如果细分后的科室新主任，有的接受过SFDA的GCP培训，有些没有，那又如何认可？
我们在找寻医院做临床试验的时候，如果经认证的机构不能满足试验需求，找还没有被认证、或2004年之前的老基地作试验，有什么关系吗？","回复：肿瘤专业通过后,再分成具体的肿瘤专业是可以的。其他问题可咨询国家局注册司研究监督处。"
[关于在SFDA备案的非基地医疗机构](https://www.cfdi.org.cn/cfdi/index?module=A004&part=localfrm&tcode=STA026&id=1484),2008/11/27,"咨询内容：《药品临床研究的若干规定》中指出，Ⅳ期临床协作单位可以是在SFDA登记备案的非基地医疗机构，请问他们是已经在SFDA备案了的还是申办方选好临床单位后到SFDA备案呢？如果是已经在SFDA备案的该如何查询？
    另，在数据库查询系统中的药物临床试验认证机构名单与公告通告中的药物临床试验认证机构认证公告的名单并不是完全相符，在选择药品临床研究基地时该以何为准？认证公告中没有，而数据库中有的可以选吗？",回复：本问题请咨询局安监司，010-88331013
[如何打印“ 药物临床试验机构资格认证标准和申请表格](https://www.cfdi.org.cn/cfdi/index?module=A004&part=localfrm&tcode=STA026&id=1585),2008/11/27,"咨询内容：您好！
合资的医疗机构可以申请”药物临床试验机构资格认证吗？“， 民营医院是否有资格申请？ 
谢谢！",回复：可致电局安监司咨询，010-88331013
[临床试验药物生产](https://www.cfdi.org.cn/cfdi/index?module=A004&part=localfrm&tcode=STA026&id=1586),2008/11/6,"咨询内容：尊敬的女士/先生，

我们是一家丹麦在中国的制药公司，打算在中国进行一个治疗过敏性疾病的生物药品（舌下滴剂）的临床试验，为以后在中国上市作准备，目前我们在中国没有生产工厂。但是我们想在中国生产供1-111期临床试验用的研究药物。我们只是需要在国内委托有 GMP证书的药厂生产出符合我们质量标准的药物就可以了， 还是有其他具体要求 如 先向SFDA申请、化药或生物制品药厂、剂型要求等？

谢谢

王国斌","回复：《药品生产监督管理办法》
第二十四条规定：药品委托生产的委托方应当是取得该药品批准文号的药品生产企业。
第二十八条规定：注射剂、生物制品（不含疫苗制品、血液制品）和跨省、自治区、直辖市的药品委托生产申请，由国家食品药品监督管理局负责受理和审批。"
[I期临床试验研究室药物测试还在进行吗？](https://www.cfdi.org.cn/cfdi/index?module=A004&part=localfrm&tcode=STA026&id=1381),2008/7/24,咨询内容：我们医院药物临床试验机构I期临床试验研究室已通过国家局现场检查合格，按规定应进入药物测试程序。经与中国药品生物制品检定所药检处联系，药检处许老师请我们咨询你们是否还能申请进行I期临床试验研究室药物测试。,"回复：现在不进行测试,最近国家局有I期临床检查意见出台"
[关于我院申报药物临床试验机构的问题](https://www.cfdi.org.cn/cfdi/index?module=A004&part=localfrm&tcode=STA026&id=1098),2008/4/15,咨询内容：我是河北医科大学第四医院负责申报临床试验机构的人员，我们医院06年初递交了申请，06年7月接受了SFDA专家组现场验收，到现在已经一年多了。请问我们申报机构的手续走到哪一步了？什么时候我们能够拿到批文？谢谢！,回复：过期，不再作答。08.4.15填写
[关于临床试验机构资格认证的问题](https://www.cfdi.org.cn/cfdi/index?module=A004&part=localfrm&tcode=STA026&id=818),2007/11/30,"咨询内容：临床试验机构资格认证中
对于申请资格认定的专业不清楚，
比如放疗科属于放射治疗专业范畴吗？还是医学影像学专业？但它又是一个临床科室，主要治疗肿瘤患者，是否属于肿瘤专业？","回复：比较复杂，要看医院对科室的设置，现在在资格认定中有两种情况．
一是，大的说是医学影像专业，再具体是放射专业；
另一种情况，放在肿瘤专业．"
[临床试验的CRF表采用电子CRF表是否可以？](https://www.cfdi.org.cn/cfdi/index?module=A004&part=localfrm&tcode=STA026&id=1051),2007/11/30,"咨询内容：您好！请问如果临床研究的单位采用电子CRF表对原始记录进行录入，国家GCP认证中心是否认可其原始性？另外这种电子系统是否需要经过认证中心认证，或者药监局认可哪个单位的第3方认证？

谢谢","回复：你好
电子ＣＲＦ现在只是推荐使用，目前还没有部门进行认证，ＣＲＦ本来就不是原始资料．进一步可咨询ＳＦＤＡ安全监管司研究监督处，８８３３１００３或８８３３１０１３"
[关于GCP咨询](https://www.cfdi.org.cn/cfdi/index?module=A004&part=localfrm&tcode=STA026&id=258),2007/1/10,"咨询内容：贵中心负责人：
您好，我院将准备申报药物临床试验机构资格认定，想向贵中心了解：
    1. 国家对申报时间有没有具体要求？
    2. 申报材料上交几份？
                           非常感谢！
                                                  新疆维吾尔自治区维吾尔医医院","回复：新疆维吾尔自治区维吾尔医医院：
     1、申报国家药物临床试验的机构，可随时申请。
     2、申请资料、申请表、电子软盘一式2份"
[问关于原药品临床试验基地及专业](https://www.cfdi.org.cn/cfdi/index?module=A004&part=localfrm&tcode=STA026&id=157),2006/10/25,咨询内容：04年8月开始对原国家药品临床研究基地及专业进行复核检查，复核后有没有一个总的合格的原国家药品临床研究基地及专业目录？之后国家局出的资格认定公告1-11号包括原国家药品临床研究基地吗？如果没有包括那么为什么公告内有部分原国家药品临床研究基地呢，例如复旦大学肿瘤医院等？谢谢！,回复：目前尚无总目录，认定后的机构名单及专业请查询“国家食品药品监督管理局药物临床试验机构资格认定公告”。现资格认定所公告的不完全包括原国家药品临床研究基地，主要情况是一些原国家药品临床研究基地申请增加新专业，正处于资料审查、现场检查或审批的过程中。对于没有申请新增专业的原国家药品临床研究基地，该基地所在地食品药品监督管理部门对原专业进行了复核，复核合格的，国家局予以公告。
[河北医科大学第三医院是否是药物临床试验机构](https://www.cfdi.org.cn/cfdi/index?module=A004&part=localfrm&tcode=STA026&id=90),2006/10/25,"咨询内容：我公司现在脊柱内固定器，准备在河北医科大学第三医院做临床试验，但不知到该医院是否是国家药临床局指定的临床基地医院，烦请叫贵中心及时给以回复。
谢谢",回复：医疗机构是否具备临床试验资格，请查询“国家食品药品监督管理局药物临床试验机构资格认定公告”。另外，脊柱内固定器属于医疗器械，其临床试验问题请咨询国家食品药品监督管理局医疗器械司。
[咨询临床研究机构资格](https://www.cfdi.org.cn/cfdi/index?module=A004&part=localfrm&tcode=STA026&id=30),2006/8/30,"咨询内容：贵中心负责人：
您好，我公司准备开展肿瘤药物临床试验，想向贵中心了解上海肿瘤医院是否具有1期临床试验资格，非常感谢！",回复：尚未批准。请留意本网站首页“认证公告”栏目中“药物临床试验机构资格认定公告”。
